{
  "Curious_Chappy": 1.9100000000000008,
  "Practical_Chappy": 1.07,
  "Amygdala_Sensorium_user_input": 2.0,
  "Creative_Chappy": 1.07,
  "Wise_Chappy": 1.3500000000000003
}